WordA	WordB	Cossim
almost	inapplicability	-0.19319448261562489
should	ungratefulness	-0.14590127775127204
accusative	inspirational	-0.13024059918826314
oh	contributive	-0.13066507925894588
hardly	remorselessness	-0.15168927944233568
stupefied	unofficial	-0.13535465333832142
dreamily	according	-0.14727836459598942
so	courageousness	-0.14606656104394933
grand	applicably	-0.16066996153630209
idealistically	the	-0.24195862499713305
