WordA	WordB	Cossim
psyche	such	0.1403978349514765
deduce	uttermost	0.22398805788595721
wisdom	convincingly	0.2191827480828632
wherefore	disingenuous	0.14796329036762446
vileness	serviceable	0.12984550623194568
furthermore	repentance	0.19056595402579013
unquestioning	undisputed	0.19417076137391087
fancifully	imperialistic	0.21381592622034706
crappy	inefficiency	0.20153306158042805
thusly	industriousness	0.18881761070190273
