WordA	WordB	Cossim
formality	predominance	0.3236409878866493
forsaken	insufferable	0.2737151412157498
transcendent	illustrious	0.2830356740366027
significant	theological	0.325342702253701
arduously	diffusive	0.23761913712222427
whatever	implausible	0.2542753182435844
thus	progressive	0.2990629770575637
secularity	luxuriate	0.2821703976663602
unreality	oblivion	0.2667393758861504
rhetorical	aloof	0.2441395535295191
