WordA	WordB	Cossim
where	luckily	0.4095534287854967
strategically	excellently	0.3961725322817795
semantically	objectively	0.4086521292003451
except	typically	0.456432561466218
despicable	ironic	0.42498030384345387
glorification	godliness	0.4375218511572967
somehow	prevail	0.421805311530965
interestingly	preferable	0.3705333742731495
exponential	drastic	0.36485176413414755
perfectly	awhile	0.36492593168548093
