WordA	WordB	Cossim
nonexistence	universality	0.5044943781635052
obliging	forthright	0.5055558527741877
instinctive	uncanny	0.5325816883908094
sensibility	inspired	0.4900666567882046
prosperity	realization	0.4871263996085742
exemplary	wherein	0.5493638154201569
paradigmatic	rationalist	0.47975516012673336
facilitate	anticipate	0.48643821758397343
interpretation	inference	0.5165919883292832
controversial	potentially	0.4869967258037792
