WordA	WordB	Cossim
whatsoever	contrary	0.6574100317339181
ethical	fundamental	0.6035545726419075
coincidentally	fortunately	0.6181688611700755
vague	somewhat	0.5916675561432663
sublimity	transcendence	0.606959900031919
rather	becomes	0.5941424272791603
integrity	accountability	0.6314032489600929
poignancy	wry	0.6299510376087063
justification	merit	0.5904637928602886
objectivity	veracity	0.6364544467544717
