WordA	WordB	Cossim
marble	rifle	0.12590027801629766
jellyfish	helmet	0.1559362423480094
backpack	oar	0.14032747266663026
swan	clock	0.14746108461525476
cotton	bug	0.1430581832485449
cyclist	slingshot	0.1372933093772093
teeth	candle	0.15667812960551175
needle	sugarcane	0.11146796546366922
charcoal	forehead	0.1645762219667275
tweezers	trouser	0.15256870950823165
