WordA	WordB	Cossim
suit	hose	0.28341096703318636
worm	bone	0.2458625484196959
taxi	railroad	0.3012360226561188
bell	chest	0.2897314621746887
bush	bee	0.3458127936157904
neckline	cheek	0.26723786348206713
kebab	rib	0.3094818197189205
eyeball	crayfish	0.26388720843783753
toad	camel	0.346579159500795
robe	jug	0.23377083876635296
