WordA	WordB	Cossim
elbow	fingertip	0.4012518683276811
dove	creek	0.39994937925124496
acorn	rhubarb	0.3741157018614859
cockroach	turtle	0.41722793632335187
banjo	mallet	0.3888863682627953
clay	olive	0.36289735370328036
envelope	container	0.36003741359559616
hairpin	bead	0.3827747248026868
femur	kidney	0.3613798879878348
pencil	sheet	0.36738335392899546
