WordA	WordB	Cossim
hippopotamus	whale	0.48424076971514385
sock	pants	0.5128879450956415
cab	bus	0.559442944202077
flower	tulip	0.5629533104789787
cloth	tablecloth	0.5176205627328637
jail	courthouse	0.5849389051346566
honeydew	watermelon	0.5762604611175088
pen	quill	0.4793205590845986
seashell	earring	0.4804701889205232
cart	basket	0.517323221919906
