WordA	WordB	Cossim
cashew	mango	0.6605726100029897
peanuts	popcorn	0.6417919186324184
dime	penny	0.6825298356272024
harmonica	tambourine	0.6086622765244313
lace	blouse	0.6671005569866448
jeans	dress	0.6455693847594614
pancake	sausage	0.6119371133331242
genitals	clitoris	0.6898363862335348
medal	trophy	0.6382411017147336
curry	carrot	0.5987960198521239
