WordA	WordB	Cossim
deer	moose	0.8088376238457309
violin	clarinet	0.79735439749771
goat	cow	0.7352164563278626
clam	oyster	0.7138274201046761
elephant	lion	0.712395648099114
fish	catfish	0.724024212733447
trumpet	trombone	0.8256266878692801
broccoli	lettuce	0.7497054489434279
lingerie	underwear	0.714089018600779
noodles	rice	0.7117648615428462
